{
    "h1": {
        "path": "./NotoSansKR-Black.otf",
        "size": 48
    },
    "h2": {
        "path": "./NotoSansKR-Black.otf",
        "size": 32
    },
    "h3": {
        "path": "./NotoSansKR-Black.otf",
        "size": 20
    },
    "h5": {
        "path": "./NotoSansKR-Black.otf",
        "size": 16
    },
    "p0": {
        "path": "./NotoSansKR-Medium.otf",
        "size": 12
    },
    "p0b": {
        "path": "./NotoSansKR-Black.otf",
        "size": 12
    },
    "p1": {
        "path": "./NotoSansKR-Bold.otf",
        "size": 11
    },
    "p2": {
        "path": "./NotoSansKR-Bold.otf",
        "size": 10
    },
    "p3": {
        "path": "./NotoSansKR-Bold.otf",
        "size": 9
    },
    "code": {
        "path": "./NotoSansKR-Medium.otf",
        "size": 10
    },
    "sdf": {
        "path": "./NotoSansKR-Black.otf",
        "size": 32,
        "sdf": true
    },
    "sdf_medium": {
        "path": "./NotoSansKR-Medium.otf",
        "size": 22,
        "sdf": true
    }
}