{

    "anim_length": "애니메이션 길이",
    "anim_frame_rate": "미리보기 프레임 속도",
    "anim_on_end": "끝",

    "anim_scale_title": "애니메이션 길이 조절",
    "anim_scale_target_frame_length": "목표 프레임 길이",
    "anim_scale_scale_factor": "스케일 팩터: ",

    "anim_interpolation": "보간 곡선",

    "color_selector_title": "색상 선택기",
    "color_selector_open_palette": "팔레트 폴더 열기",

    "gradient_editor_delete": "그라데이션 삭제",
    "gradient_editor_title": "그라데이션 편집기",
    "gradient_editor_key_blend": "키 블렌딩",
    "gradient_editor_blend_RGB": "RGB 블렌드",
    "gradient_editor_blend_HSV": "HSV 블렌드",
    "gradient_editor_blend_hard": "하드 블렌드",
    "graident_editor_open_folder": "그라데이션 폴더 열기",

    "palette_editor_delete": "팔레트 삭제",
    "palette_editor_title": "팔레트 편집기",
    "palette_editor_sort": "색상 정렬",
    "palette_editor_sort_brighter": "밝기",
    "palette_editor_sort_darker": "어둡기",
    "palette_editor_sort_hue": "색조",
    "palette_editor_load": "팔레트 파일 로드",

    "add_images_title_direcory": "디렉토리 가져오기",
    "add_images_title_images": "여러 이미지 가져오기",
    "add_images_recursive": "재귀적",
    "add_images_filter": "필터",

    "add_node_group_enabled": "그룹 활성화됨",
    "add_node_group_disabled": "그룹 비활성화됨",
    "add_node_show_connect": "연결 가능 표시",
    "add_node_show_all": "모두 표시",
    "add_node_add_favourite": "즐겨찾기에 추가",
    "add_node_remove_favourite": "즐겨찾기에서 제거",
    "add_node_create_equation": "방정식 생성",
    "add_node_equation_enter": "방정식 노드 생성을 위해 Enter 키를 누르십시오.",

    "grid_title": "그리드 설정",
    "grid_snap": "그리드에 맞추기",
    "grid_size": "그리드 크기",
    "grid_width": "그리드 너비",
    "grid_height": "그리드 높이",
    "grid_opacity": "그리드 불투명도",
    "grid_color": "그리드 색상",

    "graph_visibility_title": "가시성 설정",
    "graph_visibility_dim": "차원",
    "graph_visibility_compute": "계산 시간",

    "output_visibility_title": "출력 가시성",

    "new_file_placeholder": "새 파일",

    "new_collection_placeholder": "새 컬렉션",
    "new_collection_create": "컬렉션 생성",
    "new_collection_meta_edit": "메타데이터 편집",
    "new_collection_update": "컬렉션 업데이트",

    "crashed_title": "프로젝트 복원",
    "crashed_content": "충돌 이전 프로젝트를 복원하시겠습니까?",
    "crashed_log": "로그 파일",

    "exit_title": "프로젝트 수정됨",
    "exit_content": "종료 전에 진행 상황을 저장하시겠습니까?",
    "exit_save": "저장",
    "exit_no_save": "저장하지 않음",

    "array_edit_title": "이미지 배열 편집",
    "array_edit_sort_name": "이름으로 정렬",

    "noti_clear_log": "로그 메시지 지우기",
    "noti_clear_warn": "경고 메시지 지우기",
    "noti_clear_all": "모든 알림 지우기",
    "noti_open_log": "로그 파일 열기",
    "noti_copy_message": "알림 메시지 복사",
    "noti_delete_message": "알림 삭제",
    "noti_hide_error": "오류 숨기기",
    "noti_show_error": "오류 표시",
    "noti_hide_warning": "경고 숨기기",
    "noti_show_warning": "경고 표시",
    "noti_hide_log": "로그 숨기기",
    "noti_show_log": "로그 표시",

    "pref_pages_general": "일반",
    "pref_pages_nodes": "노드 설정",
    "pref_pages_appearance": "모양",
    "pref_reset_colors": "색상 재설정",

    "pref_show_welcome_screen": "환영 화면 표시",
    "pref_gui_scaling": "GUI 스케일링",
    "pref_double_click_delay": "더블 클릭 지연",
    "pref_keyboard_hold_start": "키보드 홀드 시작",
    "pref_keyboard_repeat_delay": "키보드 반복 지연",
    "pref_ui_frame_rate": "UI 프레임 속도",
    "pref_default_surface_size": "기본 표면 크기",
    "pref_show_node_render_time": "노드 렌더링 시간 표시",
    "pref_show_node_render_status": "노드 렌더링 상태 표시",
    "pref_collection_preview_speed": "컬렉션 미리보기 속도",
    "pref_inspector_line_break_width": "검사기 줄 바꿈 너비",
    "pref_expand_hovering_panel": "호버링 패널 확장",
    "pref_graph_zoom_smoothing": "그래프 줌 부드럽게",
    "pref_warning_notification_time": "경고 알림 시간",
    "pref_enable_test_mode": "개발 모드 활성화 (재시작 필요)",
    "pref_directory": "디렉토리 경로 (재시작 필요)",
    "pref_auto_save_time": "자동 저장 지연 (-1 비활성화)",
    "pref_mouse_wheel_speed": "스크롤 속도",
    "pref_save_file_minify": "저장 파일 최소화",
    "pref_legacy_exception": "레거시 예외 처리기 사용",
    "pref_crash_dialog": "충돌 후 다이얼로그 표시",
    "pref_interface_language": "인터페이스 언어 (재시작 필요)",
    "pref_connection_aa": "연결 안티 앨리어싱",
    "pref_connection_anim": "연결 라인 애니메이션",
    "pref_windows_control": "Windows 스타일 창 제어 사용",

    "pref_max_particles": "최대 입자 수",
    "pref_max_shapes": "최대 도형 수",
    "pref_histogram_resolution": "히스토그램 해상도",
    "pref_maximum_sampling": "최대 샘플링",
    "pref_verlet_iteration": "Verlet 반복",
    "pref_gravity": "중력",

    "pref_reset_color": "색상 재설정",
    "pref_connection_thickness": "연결 두께",
    "pref_connection_curve_smoothness": "연결 곡선 부드러움",

    "panel_pop_out": "팝 아웃",
    "panel_menu_addons_key": "키 디스플레이어",
    "panel_menu_center_preview": "중앙 미리보기",
    "panel_menu_save_current_preview_as": "현재 미리보기로 저장",
    "panel_menu_preview_background": "미리보기 배경",
    "panel_menu_show_grid": "그리드 표시",
    "panel_menu_grid_setting": "그리드 설정",
    "panel_menu_animation_setting": "애니메이션 설정",
    "panel_menu_animation_scaler": "애니메이션 길이 조절",
    "panel_menu_render_all_nodes": "모든 노드 렌더링",
    "panel_menu_execute_exports": "모든 내보내기 노드 실행",
    "panel_menu_test_load_all": "모든 현재 컬렉션 로드",
    "panel_menu_test_update_all": "모든 현재 컬렉션 업데이트",
    "panel_menu_test_add_meta": "현재 컬렉션에 메타데이터 추가",
    "panel_menu_test_update_sam": "샘플 프로젝트 업데이트",
    "panel_menu_test_gen_guide": "노드 가이드 생성",
    "panel_menu_test_crash": "강제 충돌",
    "panel_menu_test_load_nodes": "모든 노드 로드",
    "panel_menu_newer": "새 버전 사용 가능",
    "panel_menu_help_video": "튜토리얼 영상",
    "panel_menu_help_wiki": "커뮤니티 위키",
    "panel_menu_local_directory": "로컬 디렉토리 열기",
    "panel_menu_autosave_directory": "자동 저장 디렉토리 열기",
    "panel_menu_reset_default": "기본 컬렉션, 에셋 재설정",
    "panel_menu_itch": "itch.io 페이지",
    "panel_menu_steam": "스팀 페이지",
    "panel_menu_auto_save_folder": "자동 저장 폴더 열기",
    "panel_menu_save_layout": "레이아웃 저장",

    "panel_globalvar": "전역 변수",
    "panel_export_graph": "그래프 내보내기",
    "panel_debug_console": "디버그 콘솔",

    "panel_graph_center_to_nodes": "노드에 중심",
    "panel_graph_minimap_enabled": "미니맵 활성화됨",
    "panel_graph_minimap_disabled": "미니맵 비활성화됨",
    "panel_graph_straight_connection_line": "직선 연결 라인",
    "panel_graph_curve_connection_line": "곡선 연결 라인",
    "panel_graph_elbow_connection_line": "엘보우 연결 라인",
    "panel_graph_send_to_preview": "미리보기로 보내기",
    "panel_graph_send_to_export": "내보내기로 보내기",
    "panel_graph_toggle_preview": "노드 미리보기 전환",
    "panel_graph_toggle_render": "노드 렌더링 전환",
    "panel_graph_enter_group": "그룹에 들어가기",
    "panel_graph_preview_window": "미리보기 창으로 보내기",
    "panel_graph_delete_and_merge_connection": "연결 삭제 및 병합",
    "panel_graph_delete_and_cut_connection": "연결 삭제 및 잘라내기",
    "panel_graph_add_transform": "변형 추가",
    "panel_graph_canvas": "캔버스",
    "panel_graph_copy_to_canvas": "캔버스로 복사",
    "panel_graph_overlay_canvas": "캔버스 오버레이",
    "panel_graph_blend_nodes": "노드 블렌드",
    "panel_graph_compose_nodes": "노드 구성",
    "panel_graph_array_from_nodes": "노드에서 배열",
    "panel_graph_group_nodes": "노드 그룹화",
    "panel_graph_frame_nodes": "노드 프레임",
    "panel_graph_ungroup": "그룹 해제",
    "panel_graph_rendering": "렌더링",
    "panel_graph_rendering_partial": "부분 렌더링",
    "panel_graph_export_image": "이미지로 그래프 내보내기",
    "panel_graph_connection_line": "연결 렌더링 설정",
    "panel_graph_inspector_panel": "새 검사기로 보내기",

    "panel_preview_center_canvas_on_preview": "미리보기 시 캔버스 중앙",
    "panel_preview_keep_canvas_on_preview": "미리보기 시 캔버스 유지",
    "panel_preview_split_view": "분할 보기",
    "panel_preview_split_view_off": "분할 보기 끄기",
    "panel_preview_horizontal_split_view": "수평 분할 보기",
    "panel_preview_vertical_split_view": "수직 분할 보기",
    "panel_preview_tile_mode": "타일 모드",
    "panel_preview_tile_off": "타일 끄기",
    "panel_preview_tile_horizontal": "수평 타일",
    "panel_preview_tile_vertical": "수직 타일",
    "panel_preview_tile_both": "양쪽 타일",
    "panel_preview_center_canvas": "캔버스 중앙",
    "panel_preview_export_canvas": "캔버스 내보내기",
    "panel_preview_save": "현재 미리보기로 저장",
    "panel_preview_save_all": "모든 현재 미리보기 저장",
    "panel_preview_copy_image": "이미지 복사",
    "panel_preview_copy_color": "색상 복사",
    "panel_preview_copy_hex": "헥스 복사",

    "panel_animation_ease_in": "Ease in",
    "panel_animation_ease_out": "Ease out",
    "panel_animation_ease_linear": "선형",
    "panel_animation_ease_smooth": "부드럽게",
    "panel_animation_ease_overshoot": "오버슛",
    "panel_animation_ease_sharp": "날카롭게",
    "panel_animation_ease_hold": "홀드",
    "panel_animation_stagger": "Stagger",
    "panel_animation_goto": "노드로 이동",
    "panel_animation_show_graph": "그래프 표시",
    "panel_animation_looping_mode": "반복 모드",
    "panel_animation_length": "애니메이션 길이",
    "panel_animation_stretch": "애니메이션 스트레치",
    "panel_animation_adjust_length": "애니메이션 길이 조정",
    "panel_animation_go_to_first_frame": "첫 프레임으로 이동",
    "panel_animation_go_to_last_frame": "마지막 프레임으로 이동",
    "panel_animation_previous_frame": "이전 프레임",
    "panel_animation_next_frame": "다음 프레임",
    "panel_animation_animation_settings": "애니메이션 설정",
    "panel_animation_scale_animation": "애니메이션 길이",
    "panel_animation_hide_node": "컨텍스트 외부 노드 숨기기",
    "panel_animation_show_node": "컨텍스트 외부 노드 표시",
    "panel_animation_name_full": "전체 이름 표시",
    "panel_animation_keyframe_override": "키프레임 오버라이드",

    "panel_collection_replace": "선택 항목으로 교체",
    "panel_collection_edit_meta": "메타데이터 편집",
    "panel_collection_add_node": "선택한 노드를 컬렉션으로 추가",
    "panel_collection_add_folder": "폴더 추가",
    "panel_collection_open_file": "파일 탐색기에서 열기",
    "panel_collection_you_created": "이 항목은 당신이 만들었습니다",

    "panel_inspector_toggle_anim": "애니메이션 전환",
    "panel_inspector_remove_link": "링크 제거",
    "panel_inspector_remove_key": "키프레임 제거",
    "panel_inspector_add_key": "키프레임 추가",
    "panel_inspector_file_not_exist": "파일이 존재하지 않습니다",
    "panel_inspector_reset": "값 재설정",
    "panel_inspector_remove": "애니메이션 제거",
    "panel_inspector_add": "애니메이션 추가",
    "panel_inspector_extract": "추출...",
    "panel_inspector_out_visible": "출력 가시성",
    "panel_inspector_execute": "노드 실행",
    "panel_inspector_cache_desp": "성능을 위해 이 노드는 출력 캐시를 사용합니다.\n이 노드의 모든 캐시된 프레임을 지우려면 클릭하십시오.",
    "panel_inspector_set_default": "메타데이터를 기본값으로 설정",
    "panel_inspector_workshop_save": "업로드 전에 파일 저장",
    "panel_inspector_workshop_upload": "스팀 워크샵에 업로드",
    "panel_inspector_workshop_update": "스팀 워크샵 업데이트",
    "panel_inspector_use_expression": "표현식 사용",

    "panel_addon_not_activated": "비활성화됨",
    "panel_addon_activated": "활성화됨",
    "panel_addon_run_on_start": "시작 시 실행",

    "more_actions": "더 많은 작업...",

    "dialog_migration_title": "1.13에서 프로그램 디렉토리가 변경되었습니다",
    "dialog_migration_content": "이는 모든 사용자 정의 컬렉션, 자산, 팔레트, 그라데이션, 글꼴, 프리셋을 수동으로 이동해야 함을 의미합니다.",
    "migrate_files": "파일 이동",
    "migrate_open_directory": "디렉토리 열기",

    "palette_change_preview_size": "미리보기 크기 변경",

    "graph_export_scale": "크기",
    "graph_export_padding": "패딩",
    "graph_export_solid_background": "단색 배경",
    "graph_export_background_color": "배경 색상",
    "graph_export_render_grid": "그리드 렌더링",
    "graph_export_grid_color": "그리드 색상",
    "graph_export_grid_opacity": "그리드 불투명도",
    "graph_export_border": "테두리",
    "graph_export_border_color": "테두리 색상",
    "graph_export_border_opacity": "테두리 불투명도",

    "panel_node_goto": "노드로 이동",
    "panel_tunnel_create_tunnel": "터널 생성",
    "panel_tunnel_no_key": "키 없음",

    "panel_globalvar_add": "변수 추가",

    "widget_area_center_Span": "중앙 + 범위",
    "widget_area_padding": "패딩",
    "widget_area_two_points": "두 지점",
    "widget_area_fill_surface": "전체 표면",
    "widget_font_open_folder": "폰트 폴더 열기",

    "dialog_revert_and_exit": "되돌리고 종료",

    "dialog_connection_title": "연결 설정",
    "dialog_connection_thickness": "라인 두께",
    "dialog_connection_radius": "코너 반경",

    "dialog_group_order_title": "입력 순서",
    "dialog_group_order_add": "구분선 추가",

    "dialog_exit_title": "프로젝트 수정됨",
    "dialog_exit_content": "종료 전에 진행 상황을 저장하시겠습니까?",

    "contest_open_discord": "디스코드에서 열기",

    "splash_clear_recent": "최근 파일 지우기",
    "splash_hide_thumbnail": "썸네일 숨기기",
    "splash_show_thumbnail": "썸네일 표시",
    "splash_open_autosave": "자동 저장 폴더 열기",

    "workshop_open": "스팀 워크샵 열기",

    "workspace_replace_current": "현재로 교체",

    "close_all_projects": "모든 프로젝트 닫기",
    "close_current_file": "현재 파일 닫기",
    "graph_connection_settings": "연결 설정",
    "graph_export_nodes": "노드",
    "graph_grid_settings": "그리드 설정",
    "graph_view_settings": "보기 설정",
    "graph_visibility_avoid_label": "레이블 피하기",
    "graph_visibility_preview_scale": "미리보기 크기",
    "onion_skin_frame_step": "프레임 스텝",
    "onion_skin_post_color": "포스트 색상",
    "onion_skin_pre_color": "프리 색상",
    "onion_skin_top": "위에 그리기",
    "panel_animation_lock_y": "Y 이징 잠금/해제",
    "panel_debug_overlay": "디버그 오버레이",
    "panel_inspector_axis_separate": "축 분리",
    "panel_inspector_extract_multiple": "여러 개로 추출...",
    "panel_inspector_extract_single": "노드로 추출",
    "panel_inspector_pop_text": "팝업 편집기",
    "panel_menu_export_render_all": "내보낼 때 비활성화된 노드 렌더링",
    "panel_menu_steam_workshop": "스팀 워크샵",
    "panel_menu_tester": "테스터",
    "pref_connection_highlight_fade": "연결 흐려짐",
    "pref_connection_highlight": "연결 강조",
    "pref_connection_quality": "렌더링 품질",
    "preview_3d_settings": "3D 미리보기 설정",
    "preview_grid_settings": "그리드 설정",
    "preview_onion_skin_settings": "양파 껍질 설정",
    "project_graphGrid_color": "그리드 색상",
    "project_graphGrid_opacity": "그리드 불투명도",
    "project_modified": "프로젝트 수정됨",
    "project_settings": "프로젝트 설정",
    "save_project_'{1}'_before_exit?": "종료 전에 '{1}' 프로젝트를 저장하시겠습니까?",
    "widget_control_point_move": "이동",
    "widget_control_point_wind": "바람",
    "widget_range_constant": "상수",
    "widget_range_random": "랜덤 범위",
    "widget_rotator_random_double_range": "이중 범위",
    "widget_rotator_random_double_span": "이중 범위",
    "widget_rotator_random_range": "범위",
    "widget_rotator_random_span": "범위",

    "pref_clear_temp": "닫을 때 임시 파일 지우기",
    "pref_connection_type": "연결 유형",
    "pref_use_alt": "ALT 사용",
    "meta_old_version": "이전 버전에서 생성됨",

    "open_in_safe_mode": "안전 모드에서 열기",
    "group_properties": "그룹 속성",
    "panel_inspector_axis_combine": "축 결합",
    "panel_inspector_disable_expression": "표현식 비활성화",
    "new_folder": "새 폴더",
    "panel_graph_enter_group_new_tab": "새 탭에서 그룹 열기",
    "set_as_group_tool": "그룹 도구로 설정",
    "panel_graph_align_nodes": "노드 정렬",
    "panel_graph_copy_prop": "모든 속성 복사",
    "panel_graph_paste_prop": "모든 속성 붙여넣기",
    "node_color": "노드 색상",
    "connection_color": "연결 색상",
    "pref_pages_interface": "인터페이스",
    "pref_directory_temp": "임시 경로 (재시작 필요)",
    "pref_inspector_focus_on_double_click": "더블 클릭 시 포커스",
    "notification": "알림",
    "pref_pan_key": "패닝 키",
    "reload_theme": "테마 다시 로드",
    "reset_layout": "레이아웃 재설정",

    "close_current_project": "현재 프로젝트 닫기",
    "panel_menu_connect_patreon": "Patreon 연동",
    "pref_directory_ImageMagick": "ImageMagick 경로*",
    "pref_directory_webp": "Webp 경로*",
    "pref_directory_gifski": "Gifski 경로*",
    "pref_directory_FFmpeg": "FFmpeg 경로*",
    "pref_supporter_icon": "후원자 아이콘 표시",
    "pref_graph_group_in_tab": "새 탭에서 그룹 열기",
    "pref_widget_autocomplete_delay": "코드 자동 완성 지연",
    "panel_collection_workshop_update": "스팀 워크샵 콘텐츠 업데이트",
    "meta_new_version": "새 버전에서 생성됨",

    "pref_ui_font": "UI 폰트 덮어쓰기",
    "panel_menu_node_credit": "노드 크레딧 다이얼로그",

    "panel_graph_toggle_parameter": "노드 매개변수 전환",
    "panel_graph_group_require_shift": "그룹에 들어가려면 Shift 키를 누르세요",
    "pref_add_node_remember": "노드 위치 추가 기억",
    "pref_preview_show_real_fps": "실제 fps 표시",
    "pref_widget_textbox_shake": "텍스트박스 흔들기",
    "pref_widget_textbox_particles": "텍스트박스 입자",
    "panel_menu_test_error": "오류 표시",
    "pref_node_param_show": "새 노드에 매개변수 표시",
    "panel_menu_test_warning": "경고 표시",
    "pref_node_param_width": "기본 매개변수 너비",
    "panel_menu_test_gen_theme": "테마 객체 생성",
    "collapse_toggle": "토글 접기",
    "panel_animation_name_only": "노드 이름",
    "toggle_nodes": "노드 전환",
    "panel_animation_name_type": "노드 유형",
    "toggle_parameters": "매개변수 전환",
    "panel_driver": "드라이버...",
    "panel_preview_lock_preview": "미리보기 노드 잠금",

    // 1.16
    "global_variables": "전역 변수",
    "panel_animation_keyframe_edit": "값 편집...",
    "panel_graph_hide_disconnected": "연결되지 않은 접점 숨기기",
    "panel_graph_tunnel": "터널 생성",
    "art_by_kenney": "Kenney의 아트",
    "panel_menu_reset_layout": "레이아웃 재설정",
    "panel_graph_toggle_minimap": "미니맵 전환",

    "": ""
}