{
    "2d_operations": "2D 작업",
    "3d_generates": "3D 생성",
    "3d_object": "3D 객체",
    "3d_operations": "3D 작업",
    "3d_vertex": "3D 버텍스",
    "3d": "3D",
    "accept": "수락",
    "actions": "동작",
    "active": "활성화",
    "add_preset": "프리셋에 추가",
    "add": "추가",
    "addons": "애드온",
    "alias": "통칭",
    "align": "정렬",
    "all": "모두",
    "animation": "애니메이션",
    "animations": "애니메이션",
    "apply": "적용",
    "arrays": "배열",
    "art_by": "아트 제작:",
    "assets": "자산",
    "atlas": "아틀라스",
    "audio": "오디오",
    "author": "제작자",
    "blurs": "블러",
    "boolean": "불리언",
    "by": "작성",
    "cache": "캐시",
    "cancel": "취소",
    "close_program": "프로그램 종료",
    "close": "닫기",
    "collapse_all": "모두 축소",
    "collections": "컬렉션",
    "color": "색상",
    "colors": "색상",
    "combines": "결합",
    "compose": "구성",
    "composes": "구성",
    "contact_info": "연락 정보",
    "contests": "대회",
    "control": "제어",
    "conversions": "변환",
    "copy": "복사",
    "curve_object": "곡선 객체",
    "debug": "디버그",
    "delete": "삭제",
    "description": "설명",
    "dev": "개발",
    "distribute": "배포",
    "dont_save": "저장하지 않음",
    "drawer": "서랍",
    "duplicate": "중복",
    "edit": "편집",
    "effects": "효과",
    "enabled": "활성화됨",
    "errors": "오류",
    "expand_all": "모두 확장",
    "export": "내보내기",
    "false": "거짓",
    "favourites": "즐겨찾기",
    "feedback": "피드백",
    "file": "파일",
    "files": "파일",
    "filter": "필터",
    "fixes": "수정",
    "fluid_odmain": "유동체 도메인",
    "fluidsim": "유동체 시뮬레이션",
    "fps": "fps",
    "frame": "프레임",
    "fullscreen": "전체 화면",
    "generate": "생성",
    "getting_started": "시작하기",
    "global": "글로벌",
    "gradient": "그라데이션",
    "gradients": "그라데이션",
    "graph": "그래프",
    "grid": "그리드",
    "group": "그룹",
    "groups": "그룹",
    "help": "도움말",
    "hidden": "숨김",
    "history": "작업 내역",
    "horizontal": "수평",
    "hotkeys": "단축키",
    "ignore": "무시",
    "images": "이미지",
    "import": "가져오기",
    "inspect": "검사",
    "inspector": "검사기",
    "interface": "인터페이스",
    "io": "입출력",
    "link_values": "값 연결",
    "lock": "잠금",
    "loop": "루프",
    "lua": "Lua",
    "max": "최대",
    "menu": "메뉴",
    "mesh_object": "메시 객체",
    "mesh": "메시",
    "metadata": "메타데이터",
    "min": "최소",
    "mode": "모드",
    "move": "이동",
    "name": "이름",
    "network": "네트워크",
    "new": "새 프로젝트",
    "node": "노드",
    "nodes": "노드",
    "noises": "노이즈",
    "notifications": "알림",
    "numbers": "숫자",
    "object": "객체",
    "open": "열기",
    "organize": "조직",
    "others": "기타",
    "outputs": "출력",
    "palettes": "팔레트",
    "panels": "패널",
    "particle_object": "입자 객체",
    "paste": "붙여넣기",
    "path_object": "경로 객체",
    "paths": "경로",
    "patterns": "패턴",
    "pause": "일시 정지",
    "pin": "고정",
    "play": "재생",
    "populate": "채우기",
    "position": "위치",
    "preferences": "환경 설정",
    "preset_new": "새 프리셋",
    "presets": "프리셋",
    "preview": "미리보기",
    "raw_data": "원시 데이터",
    "recent_files": "최근 파일",
    "recents": "최근 항목",
    "reconnect": "다시 연결",
    "recursive": "재귀",
    "redo": "다시 실행",
    "refresh_server": "서버 새로 고침",
    "refresh": "새로 고침",
    "remove": "제거",
    "rendering": "렌더링",
    "reset_all": "모두 재설정",
    "reset_view": "뷰 재설정",
    "reset": "재설정",
    "restore": "복원",
    "rigidbody_object": "강체 객체",
    "rigidsim": "강체 시뮬레이션",
    "sample_projects": "샘플 프로젝트",
    "save_as": "다른 이름으로 저장",
    "save": "저장",
    "select": "선택",
    "set_to_center": "중앙에 설정",
    "show_on_startup": "시작 시 표시",
    "simulation": "시뮬레이션",
    "splash_screen": "스플래시 화면",
    "stop": "정지",
    "strand_object": "가닥 객체",
    "strandsim": "가닥 시뮬레이션",
    "struct": "구조체",
    "submissions": "제출물",
    "tags": "태그",
    "test": "테스트",
    "texts": "텍스트",
    "theme": "테마",
    "transform": "변형",
    "transformations": "변환",
    "trigger": "트리거",
    "true": "참",
    "tunnels": "터널",
    "type": "유형",
    "undo": "실행 취소",
    "ungroup": "그룹 해제",
    "unlink_values": "값 연결 해제",
    "unpin": "고정 해제",
    "unsubscribe": "구독 취소",
    "values": "값",
    "vertical": "수직",
    "vfx": "VFX",
    "view_grid": "그리드 보기",
    "view_list": "리스트 보기",
    "visibility": "가시성",
    "warning": "경고",
    "warnings": "경고",
    "warps": "왜곡",
    "workspace": "작업 공간",
    "zoom_in": "확대",
    "zoom_out": "축소",
    "zoom_to_fit": "화면 맞춤 확대",
    "zoom": "줌",

    "action": "동작",
    "armature": "아머처",
    "buffer": "버퍼",
    "curve": "곡선",
    "custom": "사용자 정의",
    "default_surface": "기본 표면",
    "euler": "오일러",
    "format_": "형식",
    "independent": "독립적",
    "legacy": "레거시",
    "light": "빛",
    "linked": "연결됨",
    "misc.": "기타",
    "misc": "기타",
    "number": "숫자",
    "onion_skin": "어니언 스킨",
    "opacity": "불투명도",
    "output": "출력",
    "palette": "팔레트",
    "path": "경로",
    "quaternion": "쿼터니언",
    "radius": "반경",
    "region": "영역",
    "render": "렌더",
    "save_all": "모두 저장",
    "scale": "크기",
    "settings": "설정",
    "shader": "셰이더",
    "shape": "모양",
    "surface": "표면",
    "system": "시스템",
    "text": "텍스트",

    "3d_camera": "3D 카메라",
    "add_bones": "본 추가",
    "add_node": "노드 추가",
    "add_number": "숫자 추가",
    "add_vector2": "벡터2 추가",
    "add_vector3": "벡터3 추가",
    "add_vector4": "벡터4 추가",
    "adjust_control_point": "제어 점 조정",
    "anchor_add_/_remove": "앵커 추가 / 제거",
    "anchor_remove": "앵커 제거",
    "array": "배열",
    "assetbox": "에셋박스",
    "bg": "배경",
    "blend": "블렌드",
    "canvas_blend": "캔버스 블렌드",
    "canvas": "캔버스",
    "circle_path": "원 경로",
    "close_file": "파일 닫기",
    "collection": "컬렉션",
    "color_picker": "색상 선택기",
    "comb": "콤브",
    "copy_property": "속성 복사",
    "delete_(break)": "삭제 (분할)",
    "delete_(merge)": "삭제 (병합)",
    "delete_keys": "키 삭제",
    "detach_bones": "본 분리",
    "dialog": "다이얼로그",
    "draw_path": "경로 그리기",
    "edit_control_point": "제어 점 편집",
    "ellipse": "타원",
    "eraser": "지우개",
    "fill": "채우기",
    "first_frame": "첫 프레임",
    "focus_content": "작업 중앙확대",
    "full_panel": "전체 패널",
    "grab": "잡기",
    "ik": "IK",
    "import_image_array": "이미지 배열 가져오기",
    "import_image": "이미지 가져오기",
    "last_frame": "마지막 프레임",
    "main": "메인",
    "mesh_edit": "메시 편집",
    "mesh_warp": "메시 왜곡",
    "move_target": "타겟 이동",
    "new_file": "새 파일",
    "next_frame": "다음 프레임",
    "open_notification": "알림 열기",
    "pan": "팬",
    "panel": "패널",
    "paste_property": "속성 붙여넣기",
    "path_anchor": "경로 앵커",
    "pencil": "연필",
    "pin_mesh": "메시 고정",
    "play/pause": "재생/일시 정지",
    "preview_focusing_node": "미리보기 포커스 노드",
    "preview_window": "미리보기 창",
    "previous_frame": "이전 프레임",
    "push": "푸시",
    "rectangle_path": "직사각형 경로",
    "rectangle": "직사각형",
    "remove_bones": "본 제거",
    "render_all": "전부 렌더",
    "resume/pause": "재개/일시 정지",
    "rigid_object": "강체 객체",
    "rotate": "회전",
    "rotation": "회전",
    "save_all_current_frame": "현재 프레임 모두 저장",
    "save_current_frame": "현재 프레임 저장",
    "scrollbar": "스크롤바",
    "select_all": "모두 선택",
    "selection": "선택",
    "shorten": "단축",
    "strand_create": "가닥 생성",
    "stretch": "스트레치",
    "surfaces": "표면",
    "toggle_animation": "애니메이션 전환",
    "toggle_grid": "그리드 전환",
    "toggle_preview": "미리보기 전환",
    "toggle_render": "렌더 전환",
    "transform_node": "노드 변형",
    "widget": "위젯",
    "workshop": "워크샵",

    "rename": "이름 변경",
    "inputs": "입력",
    "save/load": "저장/로드",
    "crash": "크래시",
    "splash": "스플래시",
    "quality": "품질",
    "display": "디스플레이",
    "data": "데이터",
    "layers": "레이어",
    "brush": "브러시",
    "sprite": "스프라이트",
    "spawn": "스폰",
    "movement": "움직임",
    "physics": "물리",
    "ground": "지면",
    "wiggles": "흔들림",
    "sdf": "SDF",
    "level": "레벨",
    "channel": "채널",
    "solid": "고체",
    "noise": "노이즈",
    "pattern": "패턴",
    "related": "관련",

    "uncategorized": "미분류",
    "libraries": "라이브러리",
    "extra": "추가",
    "modify": "수정",
    "points": "포인트",
    "text_area": "텍스트 영역",

    "safe_mode": "안전 모드",
    "read_only": "읽기 전용",
    "untitled": "제목 없음",
    "supporter": "후원자",
    "supporter_exclusive": "후원자 전용",

    "external": "외부",
    "mk_effects": "MK 효과",
    "flip_fluid": "FLIP 유동체",

    "projects": "프로젝트",
    "project": "프로젝트",
    "portable_project_(.zip)": "휴대용 프로젝트 (.zip)",
    "brightness": "밝기",
    "alpha": "알파",
    "material": "머터리얼",
    "packing": "포장",
    "resume" : "재개",

    // 1.16
    "histogram": "히스토그램",
    "background": "배경",
    "search": "검색",
    "welcome_files": "환영 파일",
    "palette_mixer": "팔레트 믹서",
    "file_explorer": "파일 탐색기",
    "show_avatar": "아바타 표시",
    "open_in_explorer": "탐색기에서 열기",
    "downloads": "다운로드",
    "label": "라벨",
    "list": "목록",
    "view_mode": "보기 모드",
    "palettes_mixer": "팔레트 믹서",
    "release_note": "릴리즈 노트",

    // 1.17.10
    "3d_back_view": "3D 후면 보기",
    "3d_bottom_view": "3D 하단 보기",
    "3d_front_view": "3D 전면 보기",
    "3d_left_view_": "3D 왼쪽 보기",
    "3d_right_view_": "3D 오른쪽 보기",
    "3d_sdf_view_settings": "3D SDF 보기 설정",
    "3d_snap_settings": "3D 스냅 설정",
    "3d_top_view": "3D 상단 보기",
    "3d_view_settings": "3D 보기 설정",
    "add_display": "디스플레이 추가",
    "addons_menu": "애드온 메뉴",
    "animate": "애니메이트",
    "append": "추가",
    "auto_align": "자동 정렬",
    "blend_canvas": "캔버스 혼합",
    "clear_all_notifications": "모든 알림 지우기",
    "clear_log_messages": "로그 메시지 지우기",
    "clear_warning_messages": "경고 메시지 지우기",
    "close_all_files": "모든 파일 닫기",
    "close_project": "프로젝트 닫기",
    "collapse_all_sections": "모든 섹션 축소",
    "combine_axis": "축 결합",
    "command_palette": "명령 팔레트",
    "connection_settings": "연결 설정",
    "console": "콘솔",
    "copy_color_hex": "색상 Hex 복사",
    "copy_color": "색상 복사",
    "copy_current_frame": "현재 프레임 복사",
    "copy_to_canvas": "캔버스로 복사",
    "copy_value": "값 복사",
    "create_tunnel": "터널 생성",
    "delete_collection": "컬렉션 삭제",
    "disable_expression": "표현식 비활성화",
    "dopesheet_collapse": "도프시트 축소",
    "dopesheet_expand": "도프시트 확장",
    "driver": "드라이버",
    "edit_keyframe_value": "키프레임 값 편집",
    "edit_meta": "메타 편집",
    "enter_group": "그룹 진입",
    "expand_all_sections": "모든 섹션 확장",
    "export_.zip": ".zip 내보내기",
    "export_all": "모두 내보내기",
    "export_as_image": "이미지로 내보내기",
    "export_hovering_node": "호버 중인 노드 내보내기",
    "export_selected_node": "선택된 노드 내보내기",
    "extract_value": "값 추출",
    "globalvar": "전역 변수",
    "grid_settings": "그리드 설정",
    "hide_disconnected": "연결 끊긴 부분 숨기기",
    "import_.zip": ".zip 가져오기",
    "lock_keyframe_y": "키프레임 Y 잠금",
    "new_preview_window": "새 미리보기 창",
    "onion_skin_settings": "어니언 스킨 설정",
    "open_at": "열기 위치",
    "open_autosave_folder": "자동 저장 폴더 열기",
    "open_group_in_new_tab": "새 탭에서 그룹 열기",
    "open_log_file": "로그 파일 열기",
    "open_safe": "안전하게 열기",
    "paste_value": "값 붙여넣기",
    "remove_group": "그룹 제거",
    "rename_group": "그룹 이름 변경",
    "replace": "대체",
    "reset_animation": "애니메이션 재설정",
    "reset_range": "범위 재설정",
    "reset_to_default": "기본값으로 재설정",
    "save_all_current_frames": "모든 현재 프레임 저장",
    "save_at": "저장 위치",
    "save_to_focused_file": "포커스된 파일에 저장",
    "scale_x1": "배율 x1",
    "scale_x2": "배율 x2",
    "scale_x4": "배율 x4",
    "scale_x8": "배율 x8",
    "scaler": "배율기",
    "send_to_inspector": "인스펙터로 보내기",
    "send_to_preview_window": "미리보기 창으로 보내기",
    "send_to_preview": "미리보기로 보내기",
    "separate_axis": "축 분리",
    "set_range_end": "범위 끝 설정",
    "set_range_start": "범위 시작 설정",
    "set_tile_both": "타일 모두 설정",
    "set_tile_horizontal": "수평 타일 설정",
    "set_tile_off": "타일 끄기",
    "set_tile_vertical": "수직 타일 설정",
    "snap_nodes": "노드 스냅",
    "stagger": "파상 배치",
    "tiling_settings": "타일링 설정",
    "toggle_avoid_label": "라벨 회피 전환",
    "toggle_bypass": "우회 전환",
    "toggle_compute": "계산 전환",
    "toggle_control": "컨트롤 전환",
    "toggle_dimension": "차원 전환",
    "toggle_grid_snap": "그리드 스냅 전환",
    "toggle_lock": "잠금 전환",
    "toggle_minimap": "미니맵 전환",
    "toggle_onion_skin_view": "어니언 스킨 보기 전환",
    "toggle_onion_skin": "어니언 스킨 전환",
    "toggle_pixel_grid": "픽셀 그리드 전환",
    "toggle_reset_view": "보기 재설정 전환",
    "toggle_show_info": "정보 표시 전환",
    "toggle_show_origin": "원점 표시 전환",
    "toggle_snap_to_grid": "그리드에 스냅 전환",
    "toggle_split_view": "분할 보기 전환",
    "toggle_tile": "타일 전환",
    "update_steam": "스팀 업데이트",
    "update_thumbnail": "썸네일 업데이트",
    "upload_to_steam": "스팀에 업로드",
    "use_expression": "표현식 사용",
    "view_settings": "보기 설정",

    "" : ""
}