{
    "2d_operations": "2D 작업",
    "3d_generates": "3D 생성",
    "3d_object": "3D 객체",
    "3d_operations": "3D 작업",
    "3d_vertex": "3D 버텍스",
    "3d": "3D",
    "accept": "수락",
    "actions": "동작",
    "active": "활성화",
    "add_preset": "프리셋에 추가",
    "add": "추가",
    "addons": "애드온",
    "alias": "통칭",
    "align": "정렬",
    "all": "모두",
    "animation": "애니메이션",
    "animations": "애니메이션",
    "apply": "적용",
    "arrays": "배열",
    "art_by": "아트 제작:",
    "assets": "자산",
    "atlas": "아틀라스",
    "audio": "오디오",
    "author": "제작자",
    "blurs": "블러",
    "boolean": "불리언",
    "by": "작성",
    "cache": "캐시",
    "cancel": "취소",
    "close_program": "프로그램 종료",
    "close": "닫기",
    "collapse_all": "모두 축소",
    "collections": "컬렉션",
    "color": "색상",
    "colors": "색상",
    "combines": "결합",
    "compose": "구성",
    "composes": "구성",
    "contact_info": "연락 정보",
    "contests": "대회",
    "control": "제어",
    "conversions": "변환",
    "copy": "복사",
    "curve_object": "곡선 객체",
    "debug": "디버그",
    "delete": "삭제",
    "description": "설명",
    "dev": "개발",
    "distribute": "배포",
    "dont_save": "저장하지 않음",
    "drawer": "서랍",
    "duplicate": "중복",
    "edit": "편집",
    "effects": "효과",
    "enabled": "활성화됨",
    "errors": "오류",
    "expand_all": "모두 확장",
    "export": "내보내기",
    "false": "거짓",
    "favourites": "즐겨찾기",
    "feedback": "피드백",
    "file": "파일",
    "files": "파일",
    "filter": "필터",
    "fixes": "수정",
    "fluid_odmain": "유동체 도메인",
    "fluidsim": "유동체 시뮬레이션",
    "fps": "fps",
    "frame": "프레임",
    "fullscreen": "전체 화면",
    "generate": "생성",
    "getting_started": "시작하기",
    "global": "글로벌",
    "gradient": "그라데이션",
    "gradients": "그라데이션",
    "graph": "그래프",
    "grid": "그리드",
    "group": "그룹",
    "groups": "그룹",
    "help": "도움말",
    "hidden": "숨김",
    "history": "작업 내역",
    "horizontal": "수평",
    "hotkeys": "단축키",
    "ignore": "무시",
    "images": "이미지",
    "import": "가져오기",
    "inspect": "검사",
    "inspector": "검사기",
    "interface": "인터페이스",
    "io": "입출력",
    "link_values": "값 연결",
    "lock": "잠금",
    "loop": "반복",
    "lua": "Lua",
    "max": "최대",
    "menu": "메뉴",
    "mesh_object": "메시 객체",
    "mesh": "메시",
    "metadata": "메타데이터",
    "min": "최소",
    "mode": "모드",
    "move": "이동",
    "name": "이름",
    "network": "네트워크",
    "new": "새 프로젝트",
    "node": "노드",
    "nodes": "노드",
    "noises": "노이즈",
    "notifications": "알림",
    "numbers": "숫자",
    "object": "객체",
    "open": "열기",
    "organize": "조직",
    "others": "기타",
    "outputs": "출력",
    "palettes": "팔레트",
    "panels": "패널",
    "particle_object": "입자 객체",
    "paste": "붙여넣기",
    "path_object": "경로 객체",
    "paths": "경로",
    "patterns": "패턴",
    "pause": "일시 정지",
    "pin": "고정",
    "play": "재생",
    "populate": "채우기",
    "position": "위치",
    "preferences": "환경 설정",
    "preset_new": "새 프리셋",
    "presets": "프리셋",
    "preview": "미리보기",
    "raw_data": "원시 데이터",
    "recent_files": "최근 파일",
    "recents": "최근 항목",
    "reconnect": "다시 연결",
    "recursive": "재귀",
    "redo": "다시 실행",
    "refresh_server": "서버 새로 고침",
    "refresh": "새로 고침",
    "remove": "제거",
    "rendering": "렌더링",
    "reset_all": "모두 재설정",
    "reset_view": "뷰 재설정",
    "reset": "재설정",
    "restore": "복원",
    "rigidbody_object": "강체 객체",
    "rigidsim": "강체 시뮬레이션",
    "sample_projects": "샘플 프로젝트",
    "save_as": "다른 이름으로 저장",
    "save": "저장",
    "select": "선택",
    "set_to_center": "중앙에 설정",
    "show_on_startup": "시작 시 표시",
    "simulation": "시뮬레이션",
    "splash_screen": "스플래시 화면",
    "stop": "정지",
    "strand_object": "가닥 객체",
    "strandsim": "가닥 시뮬레이션",
    "struct": "구조체",
    "submissions": "제출물",
    "tags": "태그",
    "test": "테스트",
    "texts": "텍스트",
    "theme": "테마",
    "transform": "변형",
    "transformations": "변환",
    "trigger": "트리거",
    "true": "참",
    "tunnels": "터널",
    "type": "유형",
    "undo": "실행 취소",
    "ungroup": "그룹 해제",
    "unlink_values": "값 연결 해제",
    "unpin": "고정 해제",
    "unsubscribe": "구독 취소",
    "values": "값",
    "vertical": "수직",
    "vfx": "VFX",
    "view_grid": "그리드 보기",
    "view_list": "리스트 보기",
    "visibility": "가시성",
    "warning": "경고",
    "warnings": "경고",
    "warps": "왜곡",
    "workspace": "작업 공간",
    "zoom_in": "확대",
    "zoom_out": "축소",
    "zoom_to_fit": "화면 맞춤 확대",
    "zoom": "줌",

    "action": "동작",
    "armature": "아머처",
    "buffer": "버퍼",
    "curve": "곡선",
    "custom": "사용자 정의",
    "default_surface": "기본 표면",
    "euler": "오일러",
    "format_": "형식",
    "independent": "독립적",
    "legacy": "레거시",
    "light": "빛",
    "linked": "연결됨",
    "misc.": "기타",
    "misc": "기타",
    "number": "숫자",
    "onion_skin": "어니언 스킨",
    "opacity": "불투명도",
    "output": "출력",
    "palette": "팔레트",
    "path": "경로",
    "quaternion": "쿼터니언",
    "radius": "반경",
    "region": "영역",
    "render": "렌더",
    "save_all": "모두 저장",
    "scale": "크기",
    "settings": "설정",
    "shader": "셰이더",
    "shape": "모양",
    "surface": "표면",
    "system": "시스템",
    "text": "텍스트",
    "3d_camera": "3D 카메라",
    "add_bones": "본 추가",
    "add_node": "노드 추가",
    "add_number": "숫자 추가",
    "add_vector2": "벡터2 추가",
    "add_vector3": "벡터3 추가",
    "add_vector4": "벡터4 추가",
    "adjust_control_point": "제어 점 조정",
    "anchor_add_/_remove": "앵커 추가 / 제거",
    "anchor_remove": "앵커 제거",
    "array": "배열",
    "assetbox": "에셋박스",
    "bg": "배경",
    "blend": "블렌드",
    "canvas_blend": "캔버스 블렌드",
    "canvas": "캔버스",
    "circle_path": "원 경로",
    "close_file": "파일 닫기",
    "collection": "컬렉션",
    "color_picker": "색상 선택기",
    "comb": "콤브",
    "copy_property": "속성 복사",
    "delete_(break)": "삭제 (분할)",
    "delete_(merge)": "삭제 (병합)",
    "delete_keys": "키 삭제",
    "detach_bones": "본 분리",
    "dialog": "다이얼로그",
    "draw_path": "경로 그리기",
    "edit_control_point": "제어 점 편집",
    "ellipse": "타원",
    "eraser": "지우개",
    "fill": "채우기",
    "first_frame": "첫 프레임",
    "focus_content": "작업 중앙확대",
    "full_panel": "전체 패널",
    "grab": "잡기",
    "ik": "IK",
    "import_image_array": "이미지 배열 가져오기",
    "import_image": "이미지 가져오기",
    "last_frame": "마지막 프레임",
    "main": "메인",
    "mesh_edit": "메시 편집",
    "mesh_warp": "메시 왜곡",
    "move_target": "타겟 이동",
    "new_file": "새 파일",
    "next_frame": "다음 프레임",
    "open_notification": "알림 열기",
    "pan": "팬",
    "panel": "패널",
    "paste_property": "속성 붙여넣기",
    "path_anchor": "경로 앵커",
    "pencil": "연필",
    "pin_mesh": "메시 고정",
    "play/pause": "재생/일시 정지",
    "preview_focusing_node": "미리보기 포커스 노드",
    "preview_window": "미리보기 창",
    "previous_frame": "이전 프레임",
    "push": "푸시",
    "rectangle_path": "직사각형 경로",
    "rectangle": "직사각형",
    "remove_bones": "본 제거",
    "render_all": "전부 렌더",
    "resume/pause": "재개/일시 정지",
    "rigid_object": "강체 객체",
    "rotate": "회전",
    "rotation": "회전",
    "save_all_current_frame": "현재 프레임 모두 저장",
    "save_current_frame": "현재 프레임 저장",
    "scrollbar": "스크롤바",
    "select_all": "모두 선택",
    "selection": "선택",
    "shorten": "단축",
    "strand_create": "가닥 생성",
    "stretch": "스트레치",
    "surfaces": "표면",
    "toggle_animation": "애니메이션 전환",
    "toggle_grid": "그리드 전환",
    "toggle_preview": "미리보기 전환",
    "toggle_render": "렌더 전환",
    "transform_node": "노드 변형",
    "widget": "위젯",
    "workshop": "워크샵",
    "rename": "이름 변경",
    "inputs": "입력",
    "save/load": "저장/로드",
    "crash": "크래시",
    "splash": "스플래시",
    "quality": "품질",
    "display": "디스플레이",
    "data": "데이터",
    "layers": "레이어",
    "brush": "브러시",
    "sprite": "스프라이트",
    "spawn": "생성",
    "movement": "움직임",
    "physics": "물리",
    "ground": "지면",
    "wiggles": "흔들림",
    "sdf": "SDF",
    "level": "레벨",
    "channel": "채널",
    "solid": "고체",
    "noise": "노이즈",
    "pattern": "패턴",
    "related": "관련",
    "uncategorized": "미분류",
    "libraries": "라이브러리",
    "extra": "추가",
    "modify": "수정",
    "points": "포인트",
    "text_area": "텍스트 영역",
    "safe_mode": "안전 모드",
    "read_only": "읽기 전용",
    "untitled": "제목 없음",
    "supporter": "후원자",
    "supporter_exclusive": "후원자 전용",
    "external": "외부",
    "mk_effects": "MK 효과",
    "flip_fluid": "FLIP 유동체",
    "projects": "프로젝트",
    "project": "프로젝트",
    "portable_project_(.zip)": "휴대용 프로젝트 (.zip)",
    "brightness": "밝기",
    "alpha": "알파",
    "material": "머터리얼",
    "packing": "포장",
    "resume" : "재개",

    // 1.16
    "histogram": "히스토그램",
    "background": "배경",
    "search": "검색",
    "welcome_files": "환영 파일",
    "palette_mixer": "팔레트 믹서",
    "file_explorer": "파일 탐색기",
    "show_avatar": "아바타 표시",
    "open_in_explorer": "탐색기에서 열기",
    "downloads": "다운로드",
    "label": "라벨",
    "list": "목록",
    "view_mode": "보기 모드",
    "palettes_mixer": "팔레트 믹서",
    "release_note": "릴리즈 노트",

    // 1.17.10
    "3d_back_view": "3D 후면 보기",
    "3d_bottom_view": "3D 하단 보기",
    "3d_front_view": "3D 전면 보기",
    "3d_left_view_": "3D 왼쪽 보기",
    "3d_right_view_": "3D 오른쪽 보기",
    "3d_sdf_view_settings": "3D SDF 보기 설정",
    "3d_snap_settings": "3D 스냅 설정",
    "3d_top_view": "3D 상단 보기",
    "3d_view_settings": "3D 보기 설정",
    "add_display": "디스플레이 추가",
    "addons_menu": "애드온 메뉴",
    "animate": "애니메이트",
    "append": "추가",
    "auto_align": "자동 정렬",
    "blend_canvas": "캔버스 혼합",
    "both": "둘 다",
    "center_view": "뷰 중앙 정렬",
    "clear_all_notifications": "모든 알림 지우기",
    "clear_log_messages": "로그 메시지 지우기",
    "clear_warning_messages": "경고 메시지 지우기",
    "close_all_files": "모든 파일 닫기",
    "close_project": "프로젝트 닫기",
    "collapse_all_sections": "모든 섹션 축소",
    "combine_axis": "축 결합",
    "command_palette": "명령 팔레트",
    "connection_settings": "연결 설정",
    "console": "콘솔",
    "copy_color_hex": "색상 Hex 복사",
    "copy_color": "색상 복사",
    "copy_current_frame": "현재 프레임 복사",
    "copy_to_canvas": "캔버스로 복사",
    "copy_value": "값 복사",
    "create_tunnel": "터널 생성",
    "delete_collection": "컬렉션 삭제",
    "disable_expression": "표현식 비활성화",
    "dopesheet_collapse": "도프시트 축소",
    "dopesheet_expand": "도프시트 확장",
    "driver": "드라이버",
    "edit_keyframe_value": "키프레임 값 편집",
    "edit_meta": "메타 편집",
    "enter_group": "그룹 진입",
    "expand_all_sections": "모든 섹션 확장",
    "export_.zip": ".zip 내보내기",
    "export_all": "모두 내보내기",
    "export_as_image": "이미지로 내보내기",
    "export_hovering_node": "호버 중인 노드 내보내기",
    "export_selected_node": "선택된 노드 내보내기",
    "extract_value": "값 추출",
    "globalvar": "전역 변수",
    "grid_settings": "그리드 설정",
    "hide_disconnected": "연결 끊긴 부분 숨기기",
    "import_.zip": ".zip 가져오기",
    "keep_view":"뷰 고정", 
    "lock_keyframe_y": "키프레임 Y 잠금",
    "new_preview_window": "새 미리보기 창",
    "off":"끄기", 
    "onion_skin_settings": "어니언 스킨 설정",
    "open_at": "열기 위치",
    "open_autosave_folder": "자동 저장 폴더 열기",
    "open_group_in_new_tab": "새 탭에서 그룹 열기",
    "open_log_file": "로그 파일 열기",
    "open_safe": "안전하게 열기",
    "panel_preview_on_preview": "미리보기 중",
    "paste_value": "값 붙여넣기",
    "remove_group": "그룹 제거",
    "rename_group": "그룹 이름 변경",
    "replace": "대체",
    "reset_animation": "애니메이션 재설정",
    "reset_range": "범위 재설정",
    "reset_to_default": "기본값으로 재설정",
    "save_all_current_frames": "모든 현재 프레임 저장",
    "save_at": "저장 위치",
    "save_to_focused_file": "포커스된 파일에 저장",
    "scale_x1": "x1 배율",
    "scale_x2": "x2 배율",
    "scale_x4": "x4 배율",
    "scale_x8": "x8 배율",
    "scaler": "길이 조절",
    "send_to_inspector": "인스펙터로 보내기",
    "send_to_preview_window": "미리보기 창으로 보내기",
    "send_to_preview": "미리보기로 보내기",
    "separate_axis": "축 분리",
    "set_range_end": "범위 끝 설정",
    "set_range_start": "범위 시작 설정",
    "set_reset_view_off": "뷰 초기화 비활성화",
    "set_reset_view_on": "뷰 초기화 활성화",
    "set_tile_both": "타일 모두 설정",
    "set_tile_horizontal": "수평 타일 설정",
    "set_tile_off": "타일 끄기",
    "set_tile_vertical": "수직 타일 설정",
    "snap_nodes": "노드 스냅",
    "split_view_horizontal": "가로로 분할 보기",
    "split_view_off": "분할 보기 끄기",
    "split_view_settings": "분할 보기 설정",
    "split_view_vertical": "세로로 분할 보기",
    "split_view": "분할 보기",
    "stagger": "파상 배치",
    "tile_both": "모두 타일 배치",
    "tile_horizontal": "가로 타일 배치",
    "tile_off": "타일 배치 끄기",
    "tile_vertical": "세로 타일 배치",
    "tiling_settings": "타일링 설정",
    "tiling":"타일링", 
    "toggle_avoid_label": "라벨 회피 전환",
    "toggle_bypass": "우회 전환",
    "toggle_compute": "계산 전환",
    "toggle_control": "컨트롤 전환",
    "toggle_dimension": "차원 전환",
    "toggle_grid_snap": "그리드 스냅 전환",
    "toggle_lock": "잠금 전환",
    "toggle_minimap": "미니맵 전환",
    "toggle_onion_skin_view": "어니언 스킨 보기 전환",
    "toggle_onion_skin": "어니언 스킨 전환",
    "toggle_pixel_grid": "픽셀 그리드 전환",
    "toggle_reset_view": "보기 재설정 전환",
    "toggle_show_info": "정보 표시 전환",
    "toggle_show_origin": "원점 표시 전환",
    "toggle_snap_to_grid": "그리드에 스냅 전환",
    "toggle_split_view": "분할 보기 전환",
    "toggle_tile": "타일 전환",
    "update_steam": "스팀 업데이트",
    "update_thumbnail": "썸네일 업데이트",
    "upload_to_steam": "스팀에 업로드",
    "use_expression": "표현식 사용",
    "view_settings": "보기 설정",

    //imported from UI.json
    "anim_length": "애니메이션 길이",
    "anim_frame_rate": "미리보기 프레임 속도",
    "anim_on_end": "끝",
    "anim_scale_title": "애니메이션 길이 조절",
    "anim_scale_target_frame_length": "목표 프레임 길이",
    "anim_scale_scale_factor": "스케일 팩터: ",
    "anim_interpolation": "보간 곡선",
    "color_selector_title": "색상 선택기",
    "color_selector_open_palette": "팔레트 폴더 열기",
    "gradient_editor_delete": "그라데이션 삭제",
    "gradient_editor_title": "그라데이션 편집기",
    "gradient_editor_key_blend": "키 블렌딩",
    "gradient_editor_blend_RGB": "RGB 블렌드",
    "gradient_editor_blend_HSV": "HSV 블렌드",
    "gradient_editor_blend_hard": "하드 블렌드",
    "graident_editor_open_folder": "그라데이션 폴더 열기",

    "palette_editor_delete": "팔레트 삭제",
    "palette_editor_title": "팔레트 편집기",
    "palette_editor_sort": "색상 정렬",
    "palette_editor_sort_brighter": "밝기",
    "palette_editor_sort_darker": "어둡기",
    "palette_editor_sort_hue": "색조",
    "palette_editor_load": "팔레트 파일 로드",
    "add_images_title_direcory": "디렉토리 가져오기",
    "add_images_title_images": "여러 이미지 가져오기",
    "add_images_recursive": "재귀적",
    "add_images_filter": "필터",
    "add_node_group_enabled": "그룹 활성화됨",
    "add_node_group_disabled": "그룹 비활성화됨",
    "add_node_show_connect": "연결 가능 표시",
    "add_node_show_all": "모두 표시",
    "add_node_add_favourite": "즐겨찾기에 추가",
    "add_node_remove_favourite": "즐겨찾기에서 제거",
    "add_node_create_equation": "방정식 생성",
    "add_node_equation_enter": "방정식 노드 생성을 위해 Enter 키를 누르십시오.",
    "grid_title": "그리드 설정",
    "grid_snap": "그리드에 맞추기",
    "grid_size": "그리드 크기",
    "grid_width": "그리드 너비",
    "grid_height": "그리드 높이",
    "grid_opacity": "그리드 불투명도",
    "grid_color": "그리드 색상",
    "graph_visibility_title": "가시성 설정",
    "graph_visibility_dim": "차원",
    "graph_visibility_compute": "계산 시간",
    "output_visibility_title": "출력 가시성",
    "new_file_placeholder": "새 파일",
    "new_collection_placeholder": "새 컬렉션",
    "new_collection_create": "컬렉션 생성",
    "new_collection_meta_edit": "메타데이터 편집",
    "new_collection_update": "컬렉션 업데이트",
    "crashed_title": "프로젝트 복원",
    "crashed_content": "충돌 이전 프로젝트를 복원하시겠습니까?",
    "crashed_log": "로그 파일",
    "exit_title": "프로젝트 수정됨",
    "exit_content": "종료 전에 진행 상황을 저장하시겠습니까?",
    "exit_save": "저장",
    "exit_no_save": "저장하지 않음",
    "array_edit_title": "이미지 배열 편집",
    "array_edit_sort_name": "이름으로 정렬",
    "noti_clear_log": "로그 메시지 지우기",
    "noti_clear_warn": "경고 메시지 지우기",
    "noti_clear_all": "모든 알림 지우기",
    "noti_open_log": "로그 파일 열기",
    "noti_copy_message": "알림 메시지 복사",
    "noti_delete_message": "알림 삭제",
    "noti_hide_error": "오류 숨기기",
    "noti_show_error": "오류 표시",
    "noti_hide_warning": "경고 숨기기",
    "noti_show_warning": "경고 표시",
    "noti_hide_log": "로그 숨기기",
    "noti_show_log": "로그 표시",
    "pref_pages_general": "일반",
    "pref_pages_nodes": "노드 설정",
    "pref_pages_appearance": "모양",
    "pref_reset_colors": "색상 재설정",
    "pref_show_welcome_screen": "환영 화면 표시",
    "pref_gui_scaling": "GUI 스케일링",
    "pref_double_click_delay": "더블 클릭 지연",
    "pref_keyboard_hold_start": "키보드 홀드 시작",
    "pref_keyboard_repeat_delay": "키보드 반복 지연",
    "pref_ui_frame_rate": "UI 프레임 속도",
    "pref_default_surface_size": "기본 표면 크기",
    "pref_show_node_render_time": "노드 렌더링 시간 표시",
    "pref_show_node_render_status": "노드 렌더링 상태 표시",
    "pref_collection_preview_speed": "컬렉션 미리보기 속도",
    "pref_inspector_line_break_width": "검사기 줄 바꿈 너비",
    "pref_expand_hovering_panel": "호버링 패널 확장",
    "pref_graph_zoom_smoothing": "그래프 줌 부드럽게",
    "pref_warning_notification_time": "경고 알림 시간",
    "pref_enable_test_mode": "개발 모드 활성화 (재시작 필요)",
    "pref_directory": "디렉토리 경로 (재시작 필요)",
    "pref_auto_save_time": "자동 저장 지연 (-1 비활성화)",
    "pref_mouse_wheel_speed": "스크롤 속도",
    "pref_save_file_minify": "저장 파일 최소화",
    "pref_legacy_exception": "레거시 예외 처리기 사용",
    "pref_crash_dialog": "충돌 후 다이얼로그 표시",
    "pref_interface_language": "인터페이스 언어 (재시작 필요)",
    "pref_connection_aa": "연결 안티 앨리어싱",
    "pref_connection_anim": "연결 라인 애니메이션",
    "pref_windows_control": "Windows 스타일 창 제어 사용",
    "pref_max_particles": "최대 입자 수",
    "pref_max_shapes": "최대 도형 수",
    "pref_histogram_resolution": "히스토그램 해상도",
    "pref_maximum_sampling": "최대 샘플링",
    "pref_verlet_iteration": "Verlet 반복",
    "pref_gravity": "중력",
    "pref_reset_color": "색상 재설정",
    "pref_connection_thickness": "연결 두께",
    "pref_connection_curve_smoothness": "연결 곡선 부드러움",
    "panel_pop_out": "팝 아웃",
    "panel_menu_addons_key": "키 디스플레이어",
    "panel_menu_center_preview": "중앙 미리보기",
    "panel_menu_save_current_preview_as": "현재 미리보기로 저장",
    "panel_menu_preview_background": "미리보기 배경",
    "panel_menu_show_grid": "그리드 표시",
    "panel_menu_grid_setting": "그리드 설정",
    "panel_menu_animation_setting": "애니메이션 설정",
    "panel_menu_animation_scaler": "애니메이션 길이 조절",
    "panel_menu_render_all_nodes": "모든 노드 렌더링",
    "panel_menu_execute_exports": "모든 내보내기 노드 실행",
    "panel_menu_test_load_all": "모든 현재 컬렉션 로드",
    "panel_menu_test_update_all": "모든 현재 컬렉션 업데이트",
    "panel_menu_test_add_meta": "현재 컬렉션에 메타데이터 추가",
    "panel_menu_test_update_sam": "샘플 프로젝트 업데이트",
    "panel_menu_test_gen_guide": "노드 가이드 생성",
    "panel_menu_test_crash": "강제 충돌",
    "panel_menu_test_load_nodes": "모든 노드 로드",
    "panel_menu_newer": "새 버전 사용 가능",
    "panel_menu_help_video": "튜토리얼 영상",
    "panel_menu_help_wiki": "커뮤니티 위키",
    "panel_menu_local_directory": "로컬 디렉토리 열기",
    "panel_menu_autosave_directory": "자동 저장 디렉토리 열기",
    "panel_menu_reset_default": "기본 컬렉션, 에셋 재설정",
    "panel_menu_itch": "itch.io 페이지",
    "panel_menu_steam": "스팀 페이지",
    "panel_menu_auto_save_folder": "자동 저장 폴더 열기",
    "panel_menu_save_layout": "레이아웃 저장",
    "panel_globalvar": "전역 변수",
    "panel_export_graph": "그래프 내보내기",
    "panel_debug_console": "디버그 콘솔",
    "panel_graph_center_to_nodes": "노드에 중심",
    "panel_graph_minimap_enabled": "미니맵 활성화됨",
    "panel_graph_minimap_disabled": "미니맵 비활성화됨",
    "panel_graph_straight_connection_line": "직선 연결 라인",
    "panel_graph_curve_connection_line": "곡선 연결 라인",
    "panel_graph_elbow_connection_line": "엘보우 연결 라인",
    "panel_graph_send_to_preview": "미리보기로 보내기",
    "panel_graph_send_to_export": "내보내기로 보내기",
    "panel_graph_toggle_preview": "노드 미리보기 전환",
    "panel_graph_toggle_render": "노드 렌더링 전환",
    "panel_graph_enter_group": "그룹에 들어가기",
    "panel_graph_preview_window": "미리보기 창으로 보내기",
    "panel_graph_delete_and_merge_connection": "연결 삭제 및 병합",
    "panel_graph_delete_and_cut_connection": "연결 삭제 및 잘라내기",
    "panel_graph_add_transform": "변형 추가",
    "panel_graph_canvas": "캔버스",
    "panel_graph_copy_to_canvas": "캔버스로 복사",
    "panel_graph_overlay_canvas": "캔버스 오버레이",
    "panel_graph_blend_nodes": "노드 블렌드",
    "panel_graph_compose_nodes": "노드 구성",
    "panel_graph_array_from_nodes": "노드에서 배열",
    "panel_graph_group_nodes": "노드 그룹화",
    "panel_graph_frame_nodes": "노드 프레임",
    "panel_graph_ungroup": "그룹 해제",
    "panel_graph_rendering": "렌더링",
    "panel_graph_rendering_partial": "부분 렌더링",
    "panel_graph_export_image": "이미지로 그래프 내보내기",
    "panel_graph_connection_line": "연결 렌더링 설정",
    "panel_graph_inspector_panel": "새 검사기로 보내기",
    "panel_preview_center_canvas_on_preview": "미리보기 시 캔버스 중앙",
    "panel_preview_keep_canvas_on_preview": "미리보기 시 캔버스 유지",
    "panel_preview_split_view": "분할 보기",
    "panel_preview_split_view_off": "분할 보기 끄기",
    "panel_preview_horizontal_split_view": "수평 분할 보기",
    "panel_preview_vertical_split_view": "수직 분할 보기",
    "panel_preview_tile_mode": "타일 모드",
    "panel_preview_tile_off": "타일 끄기",
    "panel_preview_tile_horizontal": "수평 타일",
    "panel_preview_tile_vertical": "수직 타일",
    "panel_preview_tile_both": "양쪽 타일",
    "panel_preview_center_canvas": "캔버스 중앙",
    "panel_preview_export_canvas": "캔버스 내보내기",
    "panel_preview_save": "현재 미리보기로 저장",
    "panel_preview_save_all": "모든 현재 미리보기 저장",
    "panel_preview_copy_image": "이미지 복사",
    "panel_preview_copy_color": "색상 복사",
    "panel_preview_copy_hex": "헥스 복사",
    "panel_animation_ease_in": "점점 빨라짐",
    "panel_animation_ease_out": "점점 느려짐",
    "panel_animation_ease_linear": "선형",
    "panel_animation_ease_smooth": "부드럽게",
    "panel_animation_ease_overshoot": "오버슛",
    "panel_animation_ease_sharp": "날카롭게",
    "panel_animation_ease_hold": "홀드",
    "panel_animation_stagger": "순차 재생",
    "panel_animation_goto": "노드로 이동",
    "panel_animation_show_graph": "그래프 표시",
    "panel_animation_looping_mode": "반복 모드",
    "panel_animation_length": "애니메이션 길이",
    "panel_animation_stretch": "애니메이션 스트레치",
    "panel_animation_adjust_length": "애니메이션 길이 조정",
    "panel_animation_go_to_first_frame": "첫 프레임으로 이동",
    "panel_animation_go_to_last_frame": "마지막 프레임으로 이동",
    "panel_animation_previous_frame": "이전 프레임",
    "panel_animation_next_frame": "다음 프레임",
    "panel_animation_animation_settings": "애니메이션 설정",
    "panel_animation_scale_animation": "애니메이션 길이",
    "panel_animation_hide_node": "컨텍스트 외부 노드 숨기기",
    "panel_animation_show_node": "컨텍스트 외부 노드 표시",
    "panel_animation_name_full": "전체 이름 표시",
    "panel_animation_keyframe_override": "키프레임 오버라이드",

    "panel_collection_replace": "선택 항목으로 교체",
    "panel_collection_edit_meta": "메타데이터 편집",
    "panel_collection_add_node": "선택한 노드를 컬렉션으로 추가",
    "panel_collection_add_folder": "폴더 추가",
    "panel_collection_open_file": "파일 탐색기에서 열기",
    "panel_collection_you_created": "이 항목은 당신이 만들었습니다",
    "panel_inspector_toggle_anim": "애니메이션 전환",
    "panel_inspector_remove_link": "링크 제거",
    "panel_inspector_remove_key": "키프레임 제거",
    "panel_inspector_add_key": "키프레임 추가",
    "panel_inspector_file_not_exist": "파일이 존재하지 않습니다",
    "panel_inspector_reset": "값 재설정",
    "panel_inspector_remove": "애니메이션 제거",
    "panel_inspector_add": "애니메이션 추가",
    "panel_inspector_extract": "추출...",
    "panel_inspector_out_visible": "출력 가시성",
    "panel_inspector_execute": "노드 실행",
    "panel_inspector_cache_desp": "성능을 위해 이 노드는 출력 캐시를 사용합니다.\n이 노드의 모든 캐시된 프레임을 지우려면 클릭하십시오.",
    "panel_inspector_set_default": "메타데이터를 기본값으로 설정",
    "panel_inspector_workshop_save": "업로드 전에 파일 저장",
    "panel_inspector_workshop_upload": "스팀 워크샵에 업로드",
    "panel_inspector_workshop_update": "스팀 워크샵 업데이트",
    "panel_inspector_use_expression": "표현식 사용",
    "panel_addon_not_activated": "비활성화됨",
    "panel_addon_activated": "활성화됨",
    "panel_addon_run_on_start": "시작 시 실행",
    "more_actions": "더 많은 작업...",
    "dialog_migration_title": "1.13에서 프로그램 디렉토리가 변경되었습니다",
    "dialog_migration_content": "이는 모든 사용자 정의 컬렉션, 자산, 팔레트, 그라데이션, 글꼴, 프리셋을 수동으로 이동해야 함을 의미합니다.",
    "migrate_files": "파일 이동",
    "migrate_open_directory": "디렉토리 열기",
    "palette_change_preview_size": "미리보기 크기 변경",
    "graph_export_scale": "크기",
    "graph_export_padding": "패딩",
    "graph_export_solid_background": "단색 배경",
    "graph_export_background_color": "배경 색상",
    "graph_export_render_grid": "그리드 렌더링",
    "graph_export_grid_color": "그리드 색상",
    "graph_export_grid_opacity": "그리드 불투명도",
    "graph_export_border": "테두리",
    "graph_export_border_color": "테두리 색상",
    "graph_export_border_opacity": "테두리 불투명도",
    "panel_node_goto": "노드로 이동",
    "panel_tunnel_create_tunnel": "터널 생성",
    "panel_tunnel_no_key": "키 없음",
    "panel_globalvar_add": "변수 추가",
    "widget_area_center_Span": "중앙 + 범위",
    "widget_area_padding": "패딩",
    "widget_area_two_points": "두 지점",
    "widget_area_fill_surface": "전체 표면",
    "widget_font_open_folder": "폰트 폴더 열기",
    "dialog_revert_and_exit": "되돌리고 종료",
    "dialog_connection_title": "연결 설정",
    "dialog_connection_thickness": "라인 두께",
    "dialog_connection_radius": "코너 반경",
    "dialog_group_order_title": "입력 순서",
    "dialog_group_order_add": "구분선 추가",
    "dialog_exit_title": "프로젝트 수정됨",
    "dialog_exit_content": "종료 전에 진행 상황을 저장하시겠습니까?",
    "contest_open_discord": "디스코드에서 열기",
    "splash_clear_recent": "최근 파일 지우기",
    "splash_hide_thumbnail": "썸네일 숨기기",
    "splash_show_thumbnail": "썸네일 표시",
    "splash_open_autosave": "자동 저장 폴더 열기",
    "workshop_open": "스팀 워크샵 열기",
    "workspace_replace_current": "현재로 교체",
    "close_all_projects": "모든 프로젝트 닫기",
    "close_current_file": "현재 파일 닫기",
    "graph_connection_settings": "연결 설정",
    "graph_export_nodes": "노드",
    "graph_grid_settings": "그리드 설정",
    "graph_view_settings": "보기 설정",
    "graph_visibility_avoid_label": "레이블 피하기",
    "graph_visibility_preview_scale": "미리보기 크기",
    "onion_skin_frame_step": "프레임 스텝",
    "onion_skin_post_color": "포스트 색상",
    "onion_skin_pre_color": "프리 색상",
    "onion_skin_top": "위에 그리기",
    "panel_animation_lock_y": "Y 이징 잠금/해제",
    "panel_debug_overlay": "디버그 오버레이",
    "panel_inspector_axis_separate": "축 분리",
    "panel_inspector_extract_multiple": "여러 개로 추출...",
    "panel_inspector_extract_single": "노드로 추출",
    "panel_inspector_pop_text": "팝업 편집기",
    "panel_menu_export_render_all": "내보낼 때 비활성화된 노드 렌더링",
    "panel_menu_steam_workshop": "스팀 워크샵",
    "panel_menu_tester": "테스터",
    "pref_connection_highlight_fade": "연결 흐려짐",
    "pref_connection_highlight": "연결 강조",
    "pref_connection_quality": "렌더링 품질",
    "preview_3d_settings": "3D 미리보기 설정",
    "preview_grid_settings": "그리드 설정",
    "preview_onion_skin_settings": "양파 껍질 설정",
    "project_graphGrid_color": "그리드 색상",
    "project_graphGrid_opacity": "그리드 불투명도",
    "project_modified": "프로젝트 수정됨",
    "project_settings": "프로젝트 설정",
    "save_project_'{1}'_before_exit?": "종료 전에 '{1}' 프로젝트를 저장하시겠습니까?",
    "widget_control_point_move": "이동",
    "widget_control_point_wind": "바람",
    "widget_range_constant": "상수",
    "widget_range_random": "랜덤 범위",
    "widget_rotator_random_double_range": "이중 범위",
    "widget_rotator_random_double_span": "이중 범위",
    "widget_rotator_random_range": "범위",
    "widget_rotator_random_span": "범위",
    "pref_clear_temp": "닫을 때 임시 파일 지우기",
    "pref_connection_type": "연결 유형",
    "pref_use_alt": "ALT 사용",
    "meta_old_version": "이전 버전에서 생성됨",
    "open_in_safe_mode": "안전 모드에서 열기",
    "group_properties": "그룹 속성",
    "panel_inspector_axis_combine": "축 결합",
    "panel_inspector_disable_expression": "표현식 비활성화",
    "new_folder": "새 폴더",
    "panel_graph_enter_group_new_tab": "새 탭에서 그룹 열기",
    "set_as_group_tool": "그룹 도구로 설정",
    "panel_graph_align_nodes": "노드 정렬",
    "panel_graph_copy_prop": "모든 속성 복사",
    "panel_graph_paste_prop": "모든 속성 붙여넣기",
    "node_color": "노드 색상",
    "connection_color": "연결 색상",
    "pref_pages_interface": "인터페이스",
    "pref_directory_temp": "임시 경로 (재시작 필요)",
    "pref_inspector_focus_on_double_click": "더블 클릭 시 포커스",
    "notification": "알림",
    "pref_pan_key": "패닝 키",
    "reload_theme": "테마 다시 로드",
    "reset_layout": "레이아웃 재설정",
    "close_current_project": "현재 프로젝트 닫기",
    "panel_menu_connect_patreon": "Patreon 연동",
    "pref_directory_ImageMagick": "ImageMagick 경로*",
    "pref_directory_webp": "Webp 경로*",
    "pref_directory_gifski": "Gifski 경로*",
    "pref_directory_FFmpeg": "FFmpeg 경로*",
    "pref_supporter_icon": "후원자 아이콘 표시",
    "pref_graph_group_in_tab": "새 탭에서 그룹 열기",
    "pref_widget_autocomplete_delay": "코드 자동 완성 지연",
    "panel_collection_workshop_update": "스팀 워크샵 콘텐츠 업데이트",
    "meta_new_version": "새 버전에서 생성됨",
    "pref_ui_font": "UI 폰트 덮어쓰기",
    "panel_menu_node_credit": "노드 크레딧 다이얼로그",
    "panel_graph_toggle_parameter": "노드 매개변수 전환",
    "panel_graph_group_require_shift": "그룹에 들어가려면 Shift 키를 누르세요",
    "pref_add_node_remember": "노드 위치 추가 기억",
    "pref_preview_show_real_fps": "실제 fps 표시",
    "pref_widget_textbox_shake": "텍스트박스 흔들기",
    "pref_widget_textbox_particles": "텍스트박스 입자",
    "panel_menu_test_error": "오류 표시",
    "pref_node_param_show": "새 노드에 매개변수 표시",
    "panel_menu_test_warning": "경고 표시",
    "pref_node_param_width": "기본 매개변수 너비",
    "panel_menu_test_gen_theme": "테마 객체 생성",
    "collapse_toggle": "토글 접기",
    "panel_animation_name_only": "노드 이름",
    "toggle_nodes": "노드 전환",
    "panel_animation_name_type": "노드 유형",
    "toggle_parameters": "매개변수 전환",
    "panel_driver": "드라이버...",
    "panel_preview_lock_preview": "미리보기 노드 잠금",
    "global_variables": "전역 변수",
    "panel_animation_keyframe_edit": "값 편집...",
    "panel_graph_hide_disconnected": "연결되지 않은 접점 숨기기",
    "panel_graph_tunnel": "터널 생성",
    "art_by_kenney": "Kenney의 아트",
    "panel_menu_reset_layout": "레이아웃 재설정",
    "panel_graph_toggle_minimap": "미니맵 전환",

    // 1.19
    "3d_left_view": "3D 왼쪽 보기",
    "3d_right_view": "3D 오른쪽 보기",
    "algorithm": "알고리즘",
    "align_panel": "정렬 패널",
    "always": "항상",
    "anim_clean_overflow": "초과 키프레임 삭제",
    "anim_clean_quantize": "시간 정렬",
    "anim_clean_title": "애니메이션 정리기",
    "anim_scale_quantize": "키프레임 정렬",
    "animation_panel": "애니메이션 패널",
    "animation_settings": "애니메이션 설정",
    "animation_tools": "애니메이션 도구",
    "annotation": "주석",
    "array_process_type": "배열 처리 유형",
    "array_processor": "배열 처리기",
    "audio_preview": "오디오 미리보기",
    "auto_execute": "자동 실행",
    "auto_organize": "자동 정리",
    "auto_refresh": "자동 새로고침",
    "auto_update": "자동 업데이트",
    "auto_update": "자동 업데이트",
    "background_color": "배경 색상",
    "border_color": "테두리 색상",
    "border_opacity": "테두리 투명도",
    "border": "테두리",
    "cache_data": "데이터 캐시",
    "capture": "캡처",
    "cleanups": "정리 작업",
    "coll_animated_speed": "애니메이션 속도",
    "coll_animated": "애니메이션 썸네일",
    "coll_thumbnail_scale": "썸네일 크기",
    "collection_manager": "컬렉션 관리자",
    "collection_runner_panel": "컬렉션 실행 패널",
    "collection_settings": "컬렉션 설정",
    "collections_panel": "컬렉션 패널",
    "color_depth": "색상 깊이",
    "color_panel": "색상 패널",
    "compile": "컴파일",
    "connection_timeout": "연결 시간 초과",
    "console_panel": "콘솔 패널",
    "content-based": "콘텐츠 기반",
    "copy_to_project": "프로젝트로 복사",
    "debug_overlay": "디버그 오버레이",
    "defaults": "기본값",
    "dependency": "의존성",
    "dialog_connection_extends": "확장",
    "disabled": "비활성화됨",
    "display_bone": "본 표시",
    "display_name": "표시 이름",
    "display_scale": "표시 배율",
    "don't_save": "저장하지 않기",
    "draw_fluid_particles": "유체 입자 그리기",
    "draw_guide": "가이드 그리기",
    "draw_strand": "스트랜드 그리기",
    "edit_input_display": "입력 표시 편집",
    "edit_output_display": "출력 표시 편집",
    "extra_blur": "추가 블러",
    "extract_to_globalvar": "전역 변수로 추출",
    "file_explorer_panel": "파일 탐색기 패널",
    "file_watcher": "파일 감시기",
    "fill_iteration": "반복 채우기",
    "flip_solver": "FLIP 솔버",
    "focus_value": "초점 값",
    "font_override": "폰트 재정의",
    "frames": "프레임",
    "gain": "게인",
    "global_iteration": "전체 반복",
    "globalvar_panel": "전역 변수 패널",
    "gm": "GM",
    "gradients_panel": "그라디언트 패널",
    "graph_panel": "그래프 패널",
    "graph_visibility_slideshow": "컨트롤러 보기",
    "graph_visibility_tooltip": "툴팁 보기",
    "grid_highlight_every": "하이라이트 주기",
    "grid_show_origin": "원점 표시",
    "home": "홈",
    "http": "HTTP",
    "info": "정보",
    "inline": "인라인",
    "inspector_panel": "검사기 패널",
    "iteration": "반복",
    "l_system": "L 시스템",
    "left": "왼쪽",
    "live_update": "실시간 업데이트",
    "lock_input": "입력 잠금",
    "make_relative": "상대 경로로 만들기",
    "max_dimension": "최대 크기",
    "max_request_size": "최대 요청 크기",
    "maximum_particles": "최대 입자 수",
    "new_armature": "새 아마추어",
    "new_folder_from_selection": "선택 항목으로 새 폴더 만들기",
    "new_path": "새 경로",
    "new_tileset": "새 타일셋",
    "news": "뉴스",
    "node_height": "노드 높이",
    "node_width": "노드 너비",
    "nodes_manager": "노드 관리자",
    "nodes_panel": "노드 패널",
    "none": "없음",
    "notification_panel": "알림 패널",
    "open_explorer...": "탐색기 열기...",
    "open_welcome_folder": "환영 폴더 열기",
    "output_all_particles": "모든 입자 출력",
    "output_metadata": "메타데이터 출력",
    "overrelaxation": "과이완",
    "oversample": "오버샘플링",
    "padding": "패딩",
    "palettes_mixer_panel": "팔레트 믹서 패널",
    "palettes_panel": "팔레트 패널",
    "panel_animation_clean_animation": "애니메이션 정리",
    "panel_inspector_use_global": "전역 변수 사용",
    "panel_preview_windows": "미리보기 창으로 팝업",
    "params_width": "파라미터 너비",
    "particle_iteration": "입자 반복",
    "ping_pong": "핑퐁",
    "pixel_grid": "픽셀 격자",
    "play_with_timeline": "타임라인과 함께 재생",
    "popup": "팝업",
    "pref_clear_collection": "기본 컬렉션",
    "pref_clear_nodes": "기본 노드",
    "pref_clear_theme": "기본 테마",
    "pref_connection_highlight_all": "모두 강조",
    "pref_directory_assets": "에셋 디렉터리 경로*",
    "pref_directory_font": "폰트 디렉터리 경로*",
    "pref_directory_welcome": "환영 파일 디렉터리 경로*",
    "pref_exp_popup_dialog": "팝업 대화상자",
    "pref_expand_lock_mouse_slider": "슬라이딩 시 마우스 고정",
    "pref_file_watcher_delay": "파일 감시 지연 시간 (초)",
    "pref_keyboard_check_sweep": "키보드 체크 스윕",
    "pref_node_3d_preview": "미리보기 표면 크기",
    "pref_node_add_select": "노드 추가 시 선택",
    "pref_node_default_depth": "기본 표면 깊이",
    "pref_node_default_interpolation": "기본 보간법",
    "pref_node_default_oversample": "기본 오버샘플링",
    "pref_pen_pool_delay": "펜 떠남 지연",
    "pref_save_backups": "백업 저장",
    "pref_save_file_compress": "저장 파일 압축",
    "pref_save_file_thumbnail": "썸네일 저장",
    "pref_save_layout": "레이아웃 저장",
    "pref_ui_fix_height": "높이 고정",
    "pref_ui_fix_width": "너비 고정",
    "pref_ui_fix_window_size": "시작 시 창 크기 고정",
    "pref_ui_window_shadoe": "그림자",
    "pressure_iteration": "압력 반복",
    "preview_histogram": "히스토그램 미리보기",
    "preview_panel": "미리보기 패널",
    "preview_resolution": "미리보기 해상도",
    "preview_sample": "미리보기 샘플",
    "preview_view_settings": "뷰 설정",
    "properties": "속성",
    "pure_function": "순수 함수",
    "quantize": "정렬",
    "render_grid": "격자 렌더링",
    "render_profiler": "렌더링 프로파일러",
    "replace_node": "노드 교체",
    "resend": "다시 보내기",
    "reset_colors": "색상 초기화",
    "right": "오른쪽",
    "rule_length_limit": "규칙 길이 제한",
    "runner": "러너",
    "save_to_project": "프로젝트에 저장",
    "search_wiki": "위키 검색",
    "serizalize_data": "데이터 직렬화",
    "shadertoy": "ShaderToy",
    "shift": "Shift",
    "show_in_timeline": "타임라인에 표시",
    "show_index": "인덱스 표시",
    "show_label": "레이블 표시",
    "show_objects": "객체 표시",
    "skip_incompressible": "비압축 항목 건너뛰기",
    "solid_background": "단색 배경",
    "stacked": "스택",
    "swap_connections": "연결 교체",
    "texture_interpolation": "텍스처 보간",
    "toggle_search": "검색 전환",
    "toggle_timestamp": "타임스탬프 전환",
    "toggle_visible": "표시 전환",
    "transfer_connections": "연결 전송",
    "tunnels_panel": "터널 패널",
    "update_domain": "도메인 업데이트",
    "update_trigger": "트리거 업데이트",
    "variant": "변형",
    "verlet_solver": "Verlet 솔버",
    "version": "버전",
    "vertex_size": "버텍스 크기",
    "view_control": "뷰 컨트롤",
    "view": "보기",
    "warp": "왜곡",
    "workspace_panel": "워크스페이스 패널",


    "" : ""
}